Instrument,Link
violin,https://www.youtube.com/watch?v=rQRw14JW_PU&list=PLxZyXOW2wxP7yoeEA2MzLUTxn2Kq2x9CV&index=1
violin,https://www.youtube.com/watch?v=VR6XJsGOF1s&list=PLxZyXOW2wxP7yoeEA2MzLUTxn2Kq2x9CV&index=2
violin,https://www.youtube.com/watch?v=W_AE5gwN94o&list=PLxZyXOW2wxP7yoeEA2MzLUTxn2Kq2x9CV&index=3
violin,https://www.youtube.com/watch?v=4NWrTp1XOds&list=PLxZyXOW2wxP7yoeEA2MzLUTxn2Kq2x9CV&index=4
violin,https://www.youtube.com/watch?v=Xo7WabyTN9o&list=PLxZyXOW2wxP7yoeEA2MzLUTxn2Kq2x9CV&index=5
violin,https://www.youtube.com/watch?v=Xo7WabyTN9o&list=PLxZyXOW2wxP7yoeEA2MzLUTxn2Kq2x9CV&index=5
violin,https://www.youtube.com/watch?v=UOnA2w0XEZA&list=PLxZyXOW2wxP7yoeEA2MzLUTxn2Kq2x9CV&index=6
violin,https://www.youtube.com/watch?v=XPM2LIStXPE&list=PLxZyXOW2wxP7yoeEA2MzLUTxn2Kq2x9CV&index=7
violin,https://www.youtube.com/watch?v=GGtYUnwzeMI&list=PLxZyXOW2wxP7yoeEA2MzLUTxn2Kq2x9CV&index=8
violin,https://www.youtube.com/watch?v=nqjFY36ITqo&list=PLxZyXOW2wxP7yoeEA2MzLUTxn2Kq2x9CV&index=9
violin,https://www.youtube.com/watch?v=NYpUAHpvi0A&list=PLxZyXOW2wxP7yoeEA2MzLUTxn2Kq2x9CV&index=10
violin,https://www.youtube.com/watch?v=dPmmJdjymVQ&list=PLxZyXOW2wxP7yoeEA2MzLUTxn2Kq2x9CV&index=11
violin,https://www.youtube.com/watch?v=2YtNbH3hn1A&list=PLxZyXOW2wxP7yoeEA2MzLUTxn2Kq2x9CV&index=13
